"Peptide ID","Peptide Sequence","Target Species","Activity Measure","Activity","Unit","Medium","CFU","Note","Reference"
"102","ALWKTLLKKVLKAAAKAALKAVLVGANA","Escherichia coli MG1655","83% Inhibition","0.38","µg/ml","M63-G","","","4"
"102","ALWKTLLKKVLKAAAKAALKAVLVGANA","Staphylococcus aureus 15981","84% Inhibition","0.38","µg/ml","M63-G","","","4"
"102","ALWKTLLKKVLKAAAKAALKAVLVGANA","Pseudomonas aeruginosa PAO1","83% Inhibition","0.78","µg/ml","M63-G","","","4"
"146","KRIVQRIKDFLR","Candida albicans NCTC 3179","0% Inhibition","10","µg/ml","RPMI-1640","1E6","No inhibition of biofilm formation","3"
"146","KRIVQRIKDFLR","Staphylococcus aureus NCTC 6571","0% Inhibition","16.8","µg/ml","BHIB","5E6","No inhibition of biofilm formation","3"
"146","KRIVQRIKDFLR","Escherichia coli ATCC 25922","0% Inhibition","4.2","µg/ml","BHIB","5E6","No inhibition of biofilm formation","3"
"447","KWKLFKKIGAVLKVL","Acinetobacter baumannii ATCC 19606","MBEC","128","µg/ml","MHB","5E6","","8"
"506","FLPLIGRVLSGIL","Acinetobacter baumannii ATCC 19606","MBEC","512","µg/ml","MHB","5E6","","8"
"506","FLPLIGRVLSGIL","Staphylococcus aureus ATCC 25923","MBEC90","64","µg/ml","CAMHB","1E8","","13"
"506","FLPLIGRVLSGIL","Staphylococcus aureus ATCC 25923","MBEC50","32","µg/ml","CAMHB","1E8","","13"
"506","FLPLIGRVLSGIL","Pseudomonas aeruginosa ATCC 9029","MBEC90",">512","µg/ml","CAMHB","1E8","","13"
"506","FLPLIGRVLSGIL","Pseudomonas aeruginosa ATCC 9029","MBEC50",">512","µg/ml","CAMHB","1E8","","13"
"779","GLFDIIKKIAESF","Acinetobacter baumannii ATCC 19606","MBEC","64","µg/ml","MHB","5E6","","6"
"806","GIGAVLKVLTTGLPALISWIKRKRQQ","Pseudomonas aeruginosa PAO1","MBIC50","16","µM","BM2","5E6","","22"
"806","GIGAVLKVLTTGLPALISWIKRKRQQ","Pseudomonas aeruginosa PAO1","MBEC","64","µM","BM2","5E6","","22"
"806","GIGAVLKVLTTGLPALISWIKRKRQQ","Pseudomonas aeruginosa PAO1","MBIC","16","µM","BM2","5E6","","22"
"847","LLPIVGNLLKSLL","Staphylococcus aureus ATCC 33591","90% Inhibition","24","µM","TSB","","Inhibition of biofilm formation","5"
"847","LLPIVGNLLKSLL","Pseudomonas aeruginosa ATCC 27853","","NA","","TSB","","No inhibition of biofilm formation up to 48 µM","5"
"872","TRSSRAGLQFPVGRVHRLLRK","Acinetobacter baumannii KCTC 2508","MBIC","64","µM","MHB","","MHB with glucose","10"
"872","TRSSRAGLQFPVGRVHRLLRK","Acinetobacter baumannii","MBIC",">=64","µM","MHB","","5 MDR clinical isolates; MHB with glucose","10"
"1004","GWGSFFKKAAHVGKHVGKAALTHYL","Streptococcus mutans UA159","MBEC50","32","µg/ml","BHIB","","BHIB with 1% sucrose","7"
"1023","GIFSKLAGKKIKNLLISGLKG","Pseudomonas aeruginosa ATCC 27853","MBIC","6","µM","LBB","1E7","","4"
"1023","GIFSKLAGKKIKNLLISGLKG","Staphylococcus aureus ATCC 25923","MBEC50","25","µM","MHB","1E6","","8"
"1023","GIFSKLAGKKIKNLLISGLKG","Staphylococcus aureus","MBEC50","75","µM","MHB","1E6","","8"
"1023","GIFSKLAGKKIKNLLISGLKG","Pseudomonas aeruginosa ATCC 27853","MBEC","12","µM","LBB","1E7","","4"
"1052","PFWRIRIRR","Pseudomonas aeruginosa PAO1","","NA","","MHB","","No killing biofilm forming bacteria","2"
"1057","PFFWRIRIRR","Pseudomonas aeruginosa PAO1","MBEC50","80","µg/ml","MHB","","","2"
"1129","FLPIIGKLLSGLL","Staphylococcus aureus NCTC 12493","MBEC","64","µM","TSB","","MRSA","3"
"1129","FLPIIGKLLSGLL","Staphylococcus aureus NCTC 12493","MBIC","8","µM","TSB","5E5","MRSA","3"
"1129","FLPIIGKLLSGLL","Enterococcus faecalis NCTC 12697","MBIC","16","µM","TSB","5E5","","3"
"1129","FLPIIGKLLSGLL","Enterococcus faecalis NCTC 12697","MBEC",">512","µM","TSB","","","3"
"1129","FLPIIGKLLSGLL","Escherichia coli ATCC 8739","MBIC",">512","µM","LBB","5E5","","3"
"1129","FLPIIGKLLSGLL","Escherichia coli ATCC 8739","MBEC",">512","µM","LBB","","","3"
"1129","FLPIIGKLLSGLL","Klebsiella pneumoniae ATCC 43816","MBIC",">512","µM","LBB","5E5","","3"
"1129","FLPIIGKLLSGLL","Klebsiella pneumoniae ATCC 43816","MBEC",">512","µM","LBB","","","3"
"1129","FLPIIGKLLSGLL","Pseudomonas aeruginosa ATCC 9027","MBIC",">512","µM","LBB","5E5","","3"
"1129","FLPIIGKLLSGLL","Pseudomonas aeruginosa ATCC 9027","MBEC",">512","µM","LBB","","","3"
"1187","KWKLFKKIGAVLKVL","Escherichia coli KpC+001812446","MBIC","9","µM","BM2","","","3"
"1187","KWKLFKKIGAVLKVL","Escherichia coli ATCC 25922","MBIC","5","µM","BM2","","","3"
"1187","KWKLFKKIGAVLKVL","Klebsiella pneumoniae ATCC 13883","MBIC",">36","µM","BM2","","","3"
"1187","KWKLFKKIGAVLKVL","Klebsiella pneumoniae KpC+001825971","MBIC","5","µM","BM2","","","3"
"1234","DKLIGSCVWGATNYTSDCNAECKRRGYKGGHCGSFWNVNCWCEE","Escherichia coli ATCC 25922","MBEC","32","µM","MHB","","","2"
"1234","DKLIGSCVWGATNYTSDCNAECKRRGYKGGHCGSFWNVNCWCEE","Staphylococcus aureus ATCC 6538P","MBIC","4","µM","MHB","","","2"
"1234","DKLIGSCVWGATNYTSDCNAECKRRGYKGGHCGSFWNVNCWCEE","Staphylococcus aureus ATCC 6538P","MBEC","16","µM","MHB","","","2"
"1234","DKLIGSCVWGATNYTSDCNAECKRRGYKGGHCGSFWNVNCWCEE","Escherichia coli ATCC 25922","MBIC","8","µM","MHB","","","2"
"1320","GLFDVIKKVASVIGGL","Escherichia coli KpC+001812446","MBIC",">40","µM","BM2","","","11"
"1320","GLFDVIKKVASVIGGL","Klebsiella pneumoniae ATCC 13883","MBIC",">40","µM","BM2","","","11"
"1320","GLFDVIKKVASVIGGL","Acinetobacter baumannii ATCC 19606","MBEC","156","µg/ml","MHB","5E6","","8"
"1423","KYKKALKKLAKLL","Pseudomonas aeruginosa PAO1","MBIC","16","µg/ml","NB","","","2"
"1434","GWKKWLRKGAKHLGQAAIK","Pseudomonas aeruginosa","MBIC","8-16","µM","MHB","1E6","MHB with glucose; 5 MDR clinical isolates","3"
"1564","INWKGIAAMAKKLL","Staphylococcus aureus ATCC 25923","MBIC90","0.08","µM","LBB","","","4"
"1584","IDWKKLLDAAKQIL","Candida glabrata ATCC 2001","MBEC","64","µM","SDB","2E4","","2"
"1735","KRFRIRVRVIRK","Pseudomonas aeruginosa PAO1","45% Inhibition","6","µg/ml","BM2","","Inhibition of biofilm formation","2"
"1895","GFMDTAKNVAKNVAATLLDKLKCKITGGC","Staphylococcus aureus NCTC 10788","MBIC","128","µM","TSB","5E5","","3"
"1895","GFMDTAKNVAKNVAATLLDKLKCKITGGC","Enterococcus faecium NTCC 12697","MBIC",">512","µM","TSB","5E5","","3"
"1895","GFMDTAKNVAKNVAATLLDKLKCKITGGC","Escherichia coli ATCC 8739","MBIC","128","µM","TSB","5E5","","3"
"1895","GFMDTAKNVAKNVAATLLDKLKCKITGGC","Klebsiella pneumoniae ATCC 43816","MBIC","512","µM","TSB","5E5","","3"
"1895","GFMDTAKNVAKNVAATLLDKLKCKITGGC","Pseudomonas aeruginosa ATCC 9027","MBIC",">512","µM","TSB","5E5","","3"
"1895","GFMDTAKNVAKNVAATLLDKLKCKITGGC","Staphylococcus aureus NCTC 12493","MBIC","256","µM","TSB","5E5","MRSA","3"
"1924","DGVKLCDVPSGTWSGHCGSSSKCSQQCKDREHFAYGGACHYQFPSVKCFCKRQC","Candida albicans SC5314","MBIC50","11.00±1.70","µM","RPMI-1640","","","2"
"2063","KWKLFKKIGIGAVLKVLTTG","Acinetobacter baumannii KCTC 2508","MBIC","6.25","µM","MHB","1E6","MHB with 0.2% glucose","3"
"2063","KWKLFKKIGIGAVLKVLTTG","Acinetobacter baumannii","MBIC","6.25-12.5","µM","MHB","1E6","MHB with 0.2% glucose; 19 MDR clinical isolates","3"
"2156","AIGSILGALAKGLPTLISWIKNR","Acinetobacter baumannii","60% Inhibition","3.125","µM","TSB","","Inhibition of biofilm formation","1"
"2323","FLGALFKALSKLL","Staphylococcus aureus ATCC 29213","MBIC50","1.5","µM","TSB","2E6","TSB with glucose","4"
"2323","FLGALFKALSKLL","Staphylococcus aureus ATCC 25923","MBIC50","2.8","µM","TSB","2E6","TSB with glucose","4"
"2323","FLGALFKALSKLL","Staphylococcus aureus ATCC 43300","MBIC50","3.3","µM","TSB","2E6","TSB with glucose","4"
"2323","FLGALFKALSKLL","Staphylococcus aureus ATCC 29213","MBEC","40","µM","TSB","","TSB with glucose","4"
"3109","WKLLSKAQEKFGKNKSR","Pseudomonas aeruginosa PAO1","MBIC",">128","µM","BM2","5E6","","3"
"3109","WKLLSKAQEKFGKNKSR","Pseudomonas aeruginosa PAO1","MBEC",">128","µM","BM2","5E6","","3"
"3116","GLLKRIKTLL","Staphylococcus aureus ATCC 25923","MBIC","128","µM","TSB","5E5","TSB with glucose","11"
"3116","GLLKRIKTLL","Escherichia coli ATCC 25922","MBIC","128","µM","TSB","5E5","TSB with glucose","11"
"3116","GLLKRIKTLL","Pseudomonas aeruginosa ATCC 27853","MBIC","32","µM","TSB","5E5","TSB with glucose","11"
"3178","FLPLILRKIVTAL","Staphylococcus aureus NCTC 12493","MBIC","4","µM","TSB","5E5","MRSA","4"
"3178","FLPLILRKIVTAL","Staphylococcus aureus NCTC 12493","MBEC","128","µM","","","MRSA","4"
"3178","FLPLILRKIVTAL","Klebsiella pneumoniae ATCC 43816","MBIC",">512","µM","LBB","5E5","","4"
"3178","FLPLILRKIVTAL","Klebsiella pneumoniae ATCC 43816","MBEC",">512","µM","LBB","","","4"
"3178","FLPLILRKIVTAL","Enterococcus faecium NTCC 12697","MBIC","32","µM","TSB","5E5","","4"
"3178","FLPLILRKIVTAL","Enterococcus faecium NTCC 12697","MBEC",">512","µM","TSB","","","4"
"3178","FLPLILRKIVTAL","Pseudomonas aeruginosa ATCC 9027","MBIC","128","µM","LBB","5E5","","4"
"3178","FLPLILRKIVTAL","Pseudomonas aeruginosa ATCC 9027","MBEC","512","µM","LBB","","","4"