candidate_id,sequence,internal_final_score,internal_expert_composite,camp4_amp,ampscanner_amp,ampactipred_amp,macrel_amp,amp_positive_count,amp_tools_n,hemofinder_nonhemo,macrel_nonhemo,nonhemolytic_all,anticp2_non_anticp,non_anticp
XPRT_0001,LVRDARKRGRDIVPLFVKGFPDPN,0.7953,0.8307,True,False,False,True,2,4,True,True,True,True,True
XPRT_0002,GARGEPRTFGQRAHKFLIELVRGW,0.7833,0.8642,True,False,False,True,2,4,True,True,True,False,False
XPRT_0003,IVRGEGQKFPDKLFRAPKQLYGSI,0.7633,0.8698,True,False,False,True,2,4,True,True,True,True,True
XPRT_0004,IWEARYWSFVLKRLPRDFDKQKAS,0.7617,0.8513,False,True,True,True,3,4,True,True,True,True,True
XPRT_0005,GAKGNFNKGRFLIERINRIDYIP,0.7608,0.8629,True,False,False,True,2,4,True,True,True,True,True
XPRT_0006,VLRITYIYKRELPRGIKKPSDEFL,0.7583,0.8163,True,False,False,True,2,4,True,True,True,True,True
XPRT_0007,WGEYVQKEIKVSPWIPRVGRK,0.7563,0.837,True,False,False,True,2,4,True,True,True,True,True
XPRT_0008,AGKGLKDYIRPVLENRFLGVR,0.7551,0.844,True,True,False,True,3,4,True,True,True,True,True
XPRT_0009,VLRFEPKVPRLTKFVDRGLTGRGK,0.7535,0.8534,True,False,False,True,2,4,False,False,False,False,False
XPRT_0010,LGKALIPKPTKWTGRYAKYDKDVI,0.7478,0.8263,True,True,True,True,4,4,True,True,True,True,True
XPRT_0011,IIKIGKYNGTKENGFDRWIRLTVK,0.7469,0.8257,True,False,True,True,3,4,True,True,True,True,True
XPRT_0012,VLKLADLETFRQWRVGKTIPKRPW,0.7422,0.8427,True,False,False,True,2,4,True,True,True,True,True
XPRT_0013,IVGKEERKKGRQIIFYFARIVRHG,0.7358,0.8391,True,False,False,True,2,4,True,False,False,False,False
XPRT_0014,IVKQARGRVGKIRTNWHRLFHRIG,0.7352,0.8444,True,True,True,True,4,4,True,False,False,True,True
XPRT_0015,VAVKLPRFFIKTSRPYRGRPHRGV,0.7296,0.8555,True,True,True,True,4,4,True,False,False,True,True
XPRT_0016,IGDRFNRKPPKVWWAGVFSEK,0.729,0.7723,True,True,False,True,3,4,True,True,True,False,False
XPRT_0017,IKHADHPLYRDTGRTAIRIALTIK,0.7285,0.8627,True,False,False,True,2,4,True,True,True,True,True
XPRT_0018,AKFIVIFRLRWSPKRAVRNLKRG,0.7257,0.8101,True,True,True,True,4,4,False,False,False,False,False
XPRT_0019,VVIRAFPKYITKIKRGKAGETRRP,0.7253,0.8589,True,True,True,True,4,4,True,False,False,True,True
XPRT_0020,ILKGIPRYLREYWFTDKHRLRIHK,0.7238,0.7914,True,False,False,True,2,4,True,False,False,False,False
XPRT_0021,ILRINLSKLNPKVPDRWERFWRPG,0.7232,0.7761,True,True,True,True,4,4,True,True,True,True,True
XPRT_0022,IWRILWKFGNHEYKIIKSKGRKD,0.7202,0.8516,True,True,True,True,4,4,True,False,False,True,True
XPRT_0023,IRKKDRKFKRIKPWERYWLLVYN,0.7197,0.8358,True,False,True,True,3,4,True,False,False,True,True
XPRT_0024,ILFELILIPKKRWHRAFTRGRREG,0.7196,0.8339,True,False,True,True,3,4,False,False,False,True,True
XPRT_0025,WGRIIYPKISKPRTKFDPGDKGVI,0.719,0.7931,True,False,False,True,2,4,True,True,True,False,False
XPRT_0026,ALKPKIVWVDHADRGKTRFIKVIG,0.719,0.853,True,False,False,True,2,4,True,False,False,True,True
XPRT_0027,LLKGEFRVKLNLPRKEVYKFARSI,0.7178,0.8617,True,False,True,True,3,4,True,False,False,True,True
XPRT_0028,VFKIVIPYRATGVRASKKVEDPV,0.7174,0.8492,True,False,False,True,2,4,True,True,True,True,True
XPRT_0029,LKKGYNIFKRYVDNRIAA,0.7174,0.795,True,False,True,True,3,4,True,False,False,True,True
XPRT_0030,LANEYARVTKKFGDRPRGVPHKLI,0.7161,0.8216,False,False,False,True,1,4,True,False,False,False,False
XPRT_0031,LLIQKVFRPYFREWKELPKRRY,0.716,0.8409,True,True,True,True,4,4,True,False,False,True,True
XPRT_0032,VFRKPITSVKRDLALGPGKWEKPY,0.7159,0.7823,True,True,False,True,3,4,True,False,False,True,True
XPRT_0033,IGRKDAVWPLKWLVVVRQDRRAAR,0.7157,0.8418,True,False,False,True,2,4,True,False,False,True,True
XPRT_0034,VAKDWARAFKHSPRKFDWPRIK,0.7155,0.8793,True,True,True,True,4,4,True,False,False,False,False
XPRT_0035,IVREFIRRFPRGHREKYLRPIYNP,0.7149,0.814,True,True,True,True,4,4,True,False,False,True,True
XPRT_0036,IREIRAIFKRWVVTPKSNIRIKP,0.7148,0.8299,True,False,False,True,2,4,False,False,False,True,True
XPRT_0037,WIVRKVYSRAFRREFKYGASGEKT,0.7133,0.7875,True,False,True,True,3,4,True,False,False,True,True
XPRT_0038,LNGRTFKKIVRPDRPFIL,0.7126,0.8658,True,False,False,True,2,4,True,False,False,False,False
XPRT_0039,IDEAKRIFKGLKRSVWIHRIN,0.7124,0.8395,True,True,True,True,4,4,True,False,False,True,True
XPRT_0040,KIKWKPTRVPRATGRAIYWEKKVI,0.712,0.8101,True,True,True,True,4,4,True,False,False,True,True
XPRT_0041,ATDFTKKIITGADRVVRLKPIPII,0.7113,0.8338,True,False,False,True,2,4,False,True,False,True,True
XPRT_0042,GFNVDEVYPKGLNARKIFRSIVRG,0.7108,0.8096,True,False,False,True,2,4,True,True,True,True,True
XPRT_0043,ASKPLQVIPRGKKDVGSTAGYVV,0.7105,0.8163,True,True,False,True,3,4,True,False,False,True,True
XPRT_0044,LLLIERKKWILYPFSKKFRKGARE,0.7089,0.825,True,True,True,True,4,4,True,False,False,False,False
XPRT_0045,ARLVKWKLDISANPVPRKIYR,0.7089,0.837,True,True,False,True,3,4,True,False,False,True,True
XPRT_0046,VRLIVFEKRLVADPIRRVTGINKR,0.7089,0.8434,True,False,False,True,2,4,True,False,False,True,True
XPRT_0047,AIAKGSDEIPRRTKKRYIFWVRYY,0.7088,0.8361,True,False,False,True,2,4,True,False,False,False,False
XPRT_0048,VWLETPWRKTKYIIRIVEGRTRHG,0.7074,0.7949,True,True,False,True,3,4,True,False,False,True,True
XPRT_0049,GRVFIFKFTPDIKRKVPK,0.7062,0.8542,True,False,True,True,3,4,False,False,False,True,True
XPRT_0050,LKIVLKSFNGNRKAVNRYNELIR,0.706,0.8495,True,False,True,True,3,4,True,False,False,True,True
XPRT_0051,GRGRRFPRFWYKDAINLS,0.706,0.834,True,True,True,True,4,4,True,False,False,True,True
XPRT_0052,IRKAGKIRRVFPYRAVRQLIKLS,0.7057,0.8121,True,True,True,True,4,4,True,False,False,True,True
XPRT_0053,GIDNGGNKFFYETVRKPLKVGFK,0.7056,0.793,True,True,True,True,4,4,True,True,True,True,True
XPRT_0054,ATGAKHIPRVLRGVLATFARGKT,0.7041,0.8008,True,True,True,True,4,4,True,False,False,False,False
XPRT_0055,LAIKGPRDTVDKVPRPFGGIKLIP,0.7039,0.7524,True,False,False,True,2,4,True,False,False,True,True
XPRT_0056,AAKPRRQFYKVSRDAWFA,0.7038,0.8024,True,False,False,True,2,4,True,False,False,False,False
XPRT_0057,IIAKTLGKGYVKKWRRSPRRFFL,0.7037,0.7873,True,True,True,True,4,4,True,False,False,False,False
XPRT_0058,LFGKAFQPFVIRWRPSQRPVKRKR,0.7037,0.8091,True,True,True,True,4,4,True,False,False,True,True
XPRT_0059,AGKFRKQFGRALTRLRTLIGSFNK,0.7035,0.847,True,True,True,True,4,4,True,False,False,True,True
XPRT_0060,LVRRVEVILNEAAHIPGKFKAGSK,0.7035,0.7762,True,False,False,True,2,4,True,True,True,False,False
XPRT_0061,GFPRGRRVRPYFKKVLTFS,0.7035,0.8187,True,True,True,True,4,4,True,False,False,False,False
XPRT_0062,VKVPLYLIRLPVTWKRGQFRRSKR,0.7032,0.812,True,True,True,True,4,4,False,False,False,True,True
XPRT_0063,KVKPRKTRLFFRAVKPINLVLHP,0.703,0.7893,True,True,True,True,4,4,True,False,False,True,True
XPRT_0064,AFTKKPALVYRINEFYDKPIRKIA,0.7027,0.7839,True,False,False,True,2,4,True,True,True,True,True
XPRT_0065,IRKPQRLYGSFLLKTWDK,0.7026,0.8551,False,False,True,True,2,4,True,False,False,True,True
XPRT_0066,GLKGRLANRNFKRVPDAFLAG,0.7024,0.8125,True,True,True,True,4,4,True,False,False,True,True
XPRT_0067,ARKIVTGWTRKLNPFKGRAQRFLS,0.7019,0.8553,True,True,True,True,4,4,True,False,False,True,True
XPRT_0068,AAKINRAWKKPTREPKFTLLREGF,0.7009,0.8309,True,False,True,True,3,4,True,False,False,True,True
XPRT_0069,IADWPGGFKQKVRFTRRGIDLTI,0.7007,0.781,True,False,False,True,2,4,True,True,True,True,True
XPRT_0070,GKNKRRALKWVRKGLSRPNEIQIW,0.7004,0.8598,True,False,True,True,3,4,False,False,False,True,True
XPRT_0071,LRNIVKNIVRRQRGPYGKYAKVRL,0.6999,0.7454,True,True,True,True,4,4,False,False,False,True,True
XPRT_0072,IAYRRYRPSIKRPAAKFT,0.6988,0.8385,True,True,True,True,4,4,True,False,False,False,False
XPRT_0073,FIGTKGPRAFLGKIERTIVVLKKG,0.6981,0.763,True,False,True,True,3,4,True,False,False,False,False
XPRT_0074,RKALLTGHGRTHKVFVAIARTLAR,0.6979,0.8241,True,True,True,True,4,4,False,False,False,False,False
XPRT_0075,VIHRVIKNLSKPKRYELP,0.6979,0.8503,True,True,True,True,4,4,True,False,False,True,True
XPRT_0076,AVRTGKRFLLQPYRVWGIGSDKRG,0.6958,0.8359,True,False,True,True,3,4,True,False,False,True,True
XPRT_0077,VGKITPLTVDKIRVPVRKFAAE,0.6958,0.7915,True,False,False,True,2,4,True,True,True,False,False
XPRT_0078,LLGIPGRGKRKVFNFDRNADA,0.6947,0.7773,True,False,False,True,2,4,True,True,True,True,True
XPRT_0079,VRGKKRVFAIFWAWPPKKPSRGIR,0.6937,0.7445,True,True,True,True,4,4,True,False,False,True,True
XPRT_0080,ILARRKPNRIHSHIPRAF,0.6936,0.8577,True,True,True,True,4,4,True,False,False,False,False
XPRT_0081,ILERFGARGKDHGGRFATRFSPF,0.6935,0.775,True,True,False,True,3,4,True,True,True,True,True
XPRT_0082,LSLRKPLRVIWRYGEITLKVYKEK,0.6927,0.8542,True,False,True,True,3,4,True,False,False,True,True
XPRT_0083,LKRRNLVFIRNVPKITIGFPDK,0.6925,0.8552,True,False,True,True,3,4,False,False,False,True,True
XPRT_0084,AAKVDRLTGRYRKVPFGF,0.6925,0.8655,True,False,False,True,2,4,True,False,False,False,False
XPRT_0085,GAKNRFPKILTKVRHVWR,0.6923,0.8477,True,True,True,True,4,4,True,False,False,False,False
XPRT_0086,ALPKAPIIIFKKGRRQAKRPFKF,0.6917,0.8184,True,True,True,True,4,4,True,False,False,False,False
XPRT_0087,LKGVWTRIRGRVHHAWRNAKKAI,0.6915,0.8292,True,True,True,True,4,4,True,False,False,True,True
XPRT_0088,LVNERTIPKIVNRYRAKYIRL,0.6915,0.8542,True,False,False,True,2,4,True,False,False,True,True
XPRT_0089,VWAKDHKIYPHFAKQAARSPRR,0.6912,0.8438,True,True,True,True,4,4,True,False,False,False,False
XPRT_0090,VKGVIDHFKVKGRFTKKVNEFWKA,0.6907,0.8475,True,True,True,True,4,4,True,False,False,True,True
XPRT_0091,GRNANRVAKPTYRFKSAIIA,0.6905,0.8432,True,True,True,True,4,4,True,False,False,True,True
XPRT_0092,VKNWKRDWPRLYNVKAKI,0.6903,0.8424,True,True,True,True,4,4,True,False,False,True,True
XPRT_0093,WRAIKWVKFNASPVRPKTRKFVRP,0.6899,0.7772,True,True,True,True,4,4,True,False,False,True,True
XPRT_0094,LVWKWVHSLARKEVKAVTKPSPGE,0.6896,0.7631,False,True,False,True,2,4,True,True,True,False,False
XPRT_0095,GGASHQIQRLLGGFTRIARRLNGK,0.6892,0.7946,True,True,True,True,4,4,True,False,False,True,True
XPRT_0096,LGQVGSKWGRAFKRLKGRFQKFRS,0.6879,0.8114,True,True,True,True,4,4,True,False,False,True,True
XPRT_0097,AGFKHKPRAPDKPLKDVYFPSRL,0.6875,0.8256,True,False,False,True,2,4,True,False,False,True,True
XPRT_0098,RGRVRKVPKLHLRFDWVI,0.6858,0.8417,True,False,True,True,3,4,True,False,False,False,False
XPRT_0099,VGIRDRFILRFAARLDHRPLRGFT,0.6856,0.7976,True,False,False,True,2,4,False,False,False,False,False
XPRT_0100,VLPPDRTGIRDIRYGRPIVSLWKK,0.6854,0.7702,True,True,False,True,3,4,True,True,True,False,False
XPRT_0101,LGQDKFWKVATAVVRAKLEPIPR,0.6852,0.7932,True,True,False,True,3,4,True,True,True,False,False
XPRT_0102,VGAPIFSFTPKWTKRPKR,0.6844,0.8341,True,True,True,True,4,4,True,False,False,True,True
XPRT_0103,LEIKLARPPKKVSRGTGY,0.6841,0.7827,True,True,False,True,3,4,True,False,False,False,False
XPRT_0104,GAKGVYRSFKWRGFRAYKAHNRA,0.6836,0.8494,True,True,True,True,4,4,False,False,False,False,False
XPRT_0105,IRDIVGIRINGGRTWKYGRELPR,0.6831,0.7722,True,False,False,True,2,4,True,False,False,True,True
XPRT_0106,FRNKAVITSKGFRRVRFLGNAFKP,0.6813,0.825,True,True,True,True,4,4,True,False,False,True,True
XPRT_0107,VRTVGRGIGLILKAFKPRSKPRIR,0.681,0.8238,True,True,True,True,4,4,True,False,False,False,False
XPRT_0108,RVPRRAIPWIWHQKAKAK,0.6802,0.8367,True,True,True,True,4,4,True,False,False,False,False
XPRT_0109,ILGTFKKKWTRFTPRLKGIVRTWK,0.6801,0.8221,True,True,True,True,4,4,True,False,False,True,True
XPRT_0110,AQRGARRTLVVIGRSAARWNAKI,0.68,0.8357,True,False,True,True,3,4,False,False,False,True,True
XPRT_0111,AKIKRAWGKVRNPKSFVYKPPFRL,0.6795,0.733,True,True,True,True,4,4,True,False,False,True,True
XPRT_0112,IRLGRRQGVPGLNLTGKIHRVAN,0.6791,0.7657,True,True,True,True,4,4,True,False,False,True,True
XPRT_0113,GIAIRFKNENRPFYRGTKRLTPW,0.679,0.8496,True,True,True,True,4,4,True,False,False,True,True
XPRT_0114,LVVPRKIRIFRLPTREVGKIAPHP,0.679,0.8454,True,True,False,True,3,4,True,False,False,True,True
XPRT_0115,RGVAHRGQKKLSGWVRQF,0.679,0.856,True,True,True,True,4,4,True,False,False,True,True
XPRT_0116,RFIKVDPIKAHRGVVRIKPAF,0.6778,0.8542,True,False,True,True,3,4,True,False,False,False,False
XPRT_0117,GVLTKFPERKFRSAVKVVDVFKGR,0.6773,0.7989,True,False,True,True,3,4,True,False,False,True,True
XPRT_0118,IIAKRPKRPISKTYPNHI,0.6773,0.8462,True,True,True,True,4,4,True,False,False,False,False
XPRT_0119,GVKKYQGRYKYIAHVPAQRLDRAG,0.677,0.85,True,False,False,True,2,4,True,False,False,True,True
XPRT_0120,AVYPERGFELISKLVRLKPKV,0.6768,0.795,True,False,False,True,2,4,True,True,True,True,True
XPRT_0121,VWVYDRKIPKRLKREFRIKLREV,0.6766,0.8469,True,False,False,True,2,4,True,False,False,True,True
XPRT_0122,IFRKGKRPGRYFSESRVSLGINIV,0.6766,0.769,True,True,False,True,3,4,False,False,False,True,True
XPRT_0123,GKLNLQRIGRFVAKVVRPDPNKH,0.6761,0.8439,True,True,False,True,3,4,True,False,False,True,True
XPRT_0124,ILEIQTIRKAEKIHRLLWKGPRKN,0.676,0.7826,True,False,True,True,3,4,True,False,False,True,True
XPRT_0125,RLGNRTLKVGVRKGRHFPPWRVL,0.6754,0.7716,True,True,True,True,4,4,True,False,False,True,True
XPRT_0126,VKVKRYGTRTTHRKWPVLANFIKA,0.6754,0.8451,True,True,True,True,4,4,True,False,False,True,True
XPRT_0127,LLASKRGVGRPIRRSTQVVIQKWP,0.6752,0.8262,True,False,True,True,3,4,True,False,False,False,False
XPRT_0128,VEARKPYPYKRLLVKWGK,0.6746,0.8392,True,True,True,True,4,4,True,False,False,True,True
XPRT_0129,AFITRGLIPVKRFRSKVWPKARS,0.6744,0.847,True,True,True,True,4,4,True,False,False,False,False
XPRT_0130,IRQLWKEIRVFFRIATDIKNRKTG,0.6742,0.8004,True,False,True,True,3,4,False,False,False,True,True
XPRT_0131,IVYELERRGFIGRRVNRPFTKRV,0.6741,0.8215,True,True,False,True,3,4,False,False,False,True,True
XPRT_0132,GITKLADKKPRIVNYFNKVGRLHV,0.674,0.8289,True,False,False,True,2,4,True,False,False,True,True
XPRT_0133,GVKQNARGFNRAQRPPKIWVG,0.6738,0.7813,True,False,True,True,3,4,True,False,False,True,True
XPRT_0134,GGAKQAINRIGHILNRLRSGARQA,0.6737,0.7778,True,True,True,True,4,4,False,False,False,True,True
XPRT_0135,GIGRGNRTANRRVAIPVRWLVNR,0.6732,0.7933,True,True,True,True,4,4,True,False,False,True,True
XPRT_0136,LIDPSAPARIWRKSIKVPR,0.6732,0.8336,True,True,False,True,3,4,True,False,False,False,False
XPRT_0137,TDTGLRNVFKIAREKVRIKVWIV,0.6729,0.7741,True,False,True,True,3,4,False,True,False,True,True
XPRT_0138,KERKFKPIPWKSARFLIR,0.6726,0.824,True,True,True,True,4,4,True,False,False,False,False
XPRT_0139,KLRRVYRPITLIIYPVGQKFRKRS,0.6722,0.8113,True,True,True,True,4,4,True,False,False,True,True
XPRT_0140,RVVEGVIPKFARVKLKANPNWAR,0.6721,0.8274,True,True,True,True,4,4,True,False,False,False,False
XPRT_0141,RRRVQAVKHKINKFPNLGFGFPS,0.6719,0.8517,True,True,True,True,4,4,False,False,False,True,True
XPRT_0142,GAIPVGRPWFTEYKKRVNRPIRSL,0.6718,0.7916,True,True,True,True,4,4,True,False,False,True,True
XPRT_0143,VKRLGNTYPRKRIPVFKP,0.6717,0.8387,True,True,True,True,4,4,True,False,False,False,False
XPRT_0144,IIGVKRAYRPSTKFTRLRF,0.6717,0.8277,True,True,True,True,4,4,True,False,False,False,False
XPRT_0145,FVVWLRPWAKGRRPANTAGFRTRK,0.6711,0.8031,True,True,True,True,4,4,True,False,False,True,True
XPRT_0146,KKVKPFIRRRQPKLSRVFVGLFFP,0.6707,0.8019,True,True,True,True,4,4,True,False,False,True,True
XPRT_0147,KVVVKRAGERWKRQIVKYPNF,0.6702,0.8517,True,False,True,True,3,4,True,False,False,False,False
XPRT_0148,LVNGKIFFKDAKFHRASRKIQRTI,0.6699,0.7999,True,False,True,True,3,4,True,False,False,True,True
XPRT_0149,GVRYKEATVRRAYKVVFK,0.6696,0.7911,True,True,True,True,4,4,True,False,False,True,True
XPRT_0150,LLRPPSKNAKRFPKWIAVRPRYK,0.6693,0.7394,True,True,True,True,4,4,True,False,False,True,True
XPRT_0151,VRGFVTLKVRLQATVRRATPIPKK,0.6692,0.8069,True,True,True,True,4,4,True,False,False,False,False
XPRT_0152,GWRRWINHIRSQAGQIRSKLGK,0.6684,0.8545,True,True,True,True,4,4,True,False,False,True,True
XPRT_0153,FVARKVKRAIPHPALTKIRKWSNV,0.6678,0.7893,True,True,True,True,4,4,True,False,False,True,True
XPRT_0154,RALIYNKRLSQFYKRVPKKLV,0.667,0.7877,True,False,True,True,3,4,True,False,False,True,True
XPRT_0155,RIKNRFQGVWPRFNGKVR,0.6669,0.8337,True,True,True,True,4,4,True,False,False,True,True
XPRT_0156,VRKLPNFLNKEFRPGIFR,0.6658,0.7677,True,True,True,True,4,4,True,False,False,False,False
XPRT_0157,LWRIFKFPSRNFKKKRSAPPKIY,0.6657,0.7427,True,True,True,True,4,4,True,False,False,False,False
XPRT_0158,LNRNVIRVIGRSRIPPRHIPP,0.6653,0.7523,True,False,True,True,3,4,True,False,False,True,True
XPRT_0159,LVKRIIKRKVYRFDKFEVIIKEP,0.6653,0.7884,True,False,True,True,3,4,False,False,False,True,True
XPRT_0160,GGINKKFEPLIFRWPRYTRGAKTP,0.6653,0.7839,True,True,True,True,4,4,True,False,False,True,True
XPRT_0161,GKVRRKPGTVLKGVFRSWSAARLF,0.665,0.7602,True,True,True,True,4,4,True,False,False,True,True
XPRT_0162,WAGHAKGSFRKWITRIRK,0.665,0.8443,True,True,True,True,4,4,True,False,False,True,True
XPRT_0163,VTRIWKNVARLGAIPDPKKYKTI,0.6649,0.8061,True,False,True,True,3,4,True,False,False,True,True
XPRT_0164,RVITRFKSHVPFRGTRAGGPI,0.6645,0.7768,True,True,True,True,4,4,True,False,False,True,True
XPRT_0165,VIKKIRNRPIRSWKFGRPFFVKS,0.6643,0.801,True,True,True,True,4,4,True,False,False,False,False
XPRT_0166,RAIQRVEKWVKPRVKAKPEKVRFK,0.6642,0.8513,True,True,True,True,4,4,True,False,False,True,True
XPRT_0167,IRDFFNLLFKIHANTYRLDKGKR,0.6641,0.7859,True,True,True,True,4,4,True,False,False,True,True
XPRT_0168,KRRRANKVPRHIVWVFAT,0.6638,0.84,True,True,True,True,4,4,True,False,False,False,False
XPRT_0169,GKLNGKVGKVFQRPRNLWGRWKK,0.6636,0.7817,True,True,True,True,4,4,True,False,False,True,True
XPRT_0170,ARVVKFGRRVKEYRDKPITKIWL,0.6636,0.8085,True,False,True,True,3,4,True,False,False,False,False
XPRT_0171,LRFRWGKKIRRVPNGSIQKFQRAL,0.6635,0.7958,True,True,True,True,4,4,True,False,False,False,False
XPRT_0172,VKRLGPYAIRFTKKGPVKSPRRV,0.6632,0.7637,True,True,True,True,4,4,True,False,False,True,True
XPRT_0173,ALKDVAYTKPTWLKKQRKFAKRFP,0.6632,0.8591,True,True,True,True,4,4,True,False,False,True,True
XPRT_0174,KKGAIKRVNRLINRYKGRINWFF,0.663,0.7457,True,True,True,True,4,4,False,False,False,True,True
XPRT_0175,VRTVEGKFKKGVYWGLPRIRG,0.6628,0.8344,True,False,True,True,3,4,True,False,False,True,True
XPRT_0176,AWGGKRSKTIYRKLPERF,0.6625,0.7939,True,True,True,True,4,4,True,False,False,True,True
XPRT_0177,LFLLEKRPPRPLKRFVHKQEHRL,0.6624,0.7752,True,True,False,True,3,4,True,False,False,False,False
XPRT_0178,VFRTIPKHKPSKWRWTRL,0.6621,0.8322,True,True,True,True,4,4,True,False,False,True,True
XPRT_0179,VRKNKFPIKKPNKFWRVTTVYIKG,0.6612,0.8336,True,True,True,True,4,4,True,False,False,True,True
XPRT_0180,IVHKGKLTRVLFPRLPERIIKPTD,0.6611,0.8046,True,False,False,True,2,4,True,False,False,True,True
XPRT_0181,RKPKLRGTWVFVRAFSRLIRFK,0.6608,0.7317,True,True,True,True,4,4,False,False,False,False,False
XPRT_0182,GKAKRKTGTTLFKPWRGWIRFRI,0.6607,0.7941,True,True,True,True,4,4,True,False,False,False,False
XPRT_0183,LKNFKNRLRTFWGRIGGNVTRVRG,0.6606,0.7762,True,True,True,True,4,4,True,False,False,True,True
XPRT_0184,ARISIAVPALPKSVKNKWRFARKS,0.6605,0.8225,True,True,True,True,4,4,True,False,False,False,False
XPRT_0185,VKVARVGDRRPIKRYPRWIIPAFK,0.6604,0.8161,True,True,True,True,4,4,True,False,False,False,False
XPRT_0186,VTDVKTKPKAYGYKFWRPILK,0.6601,0.8084,True,True,True,True,4,4,False,False,False,False,False
XPRT_0187,RFHGAVPRFRKLATGIKQ,0.6597,0.8381,True,True,True,True,4,4,True,False,False,False,False
XPRT_0188,RVVKSFRTGVKVHREVQFRFAI,0.6595,0.8561,True,False,True,True,3,4,False,False,False,True,True
XPRT_0189,WLKRRIPGNKRRGARYIPRGNFAP,0.659,0.7383,True,True,True,True,4,4,True,False,False,True,True
XPRT_0190,KVQRIVGKPRRFFGHFTG,0.6588,0.8009,True,True,True,True,4,4,True,False,False,False,False
XPRT_0191,KAVGRKFHPARRIVSIKP,0.6587,0.8438,True,False,True,True,3,4,True,False,False,False,False
XPRT_0192,IRINAHKFGLKLPSLIKRQPRRNF,0.6582,0.7968,True,True,True,True,4,4,False,False,False,True,True
XPRT_0193,LNGKIRAPWRLPDQWRYRTIR,0.6579,0.8215,True,False,True,True,3,4,True,False,False,True,True
XPRT_0194,ARFTRLPAHSPFQKFRPVAQR,0.6575,0.8589,True,True,True,True,4,4,True,False,False,True,True
XPRT_0195,FAIVKEWRTGTPRVAKLIPPFGKK,0.6575,0.7749,True,True,True,True,4,4,True,False,False,True,True
XPRT_0196,RRLPSKFLKPVLRWRPNLGKGKW,0.6574,0.8198,True,True,True,True,4,4,True,False,False,True,True
XPRT_0197,LGAKVNIGHPRTPRALPRFNKGN,0.6572,0.7891,True,False,True,True,3,4,True,False,False,True,True
XPRT_0198,IVIKPRFLFVKRISRSWRSTSKPG,0.657,0.77,True,True,True,True,4,4,True,False,False,False,False
XPRT_0199,RNVTSIKFGYRPFKILRK,0.657,0.8049,True,True,True,True,4,4,True,False,False,True,True
XPRT_0200,ALRPGAEGKRKWGGTVGIVKRANL,0.6568,0.7798,True,False,True,True,3,4,True,False,False,True,True
XPRT_0201,LARRKLDVIVRFSVGHKP,0.6564,0.7996,True,False,False,True,2,4,False,False,False,True,True
XPRT_0202,AVRITKFPRKYSKKEVIILVRFT,0.6562,0.8041,True,False,True,True,3,4,True,False,False,True,True
XPRT_0203,KKKSHVRPPVRQGTLIWKLGRPFF,0.6562,0.7599,True,True,True,True,4,4,True,False,False,True,True
XPRT_0204,ISGLRGASKIPWKRPRRNFRFWK,0.6562,0.7822,True,True,True,True,4,4,True,False,False,True,True
XPRT_0205,RRAIKYITQSQVFVKGRYRLGWKK,0.6549,0.8364,True,False,True,True,3,4,True,False,False,False,False
XPRT_0206,LTVKKARPIPVIINRSGVVPKKPI,0.6547,0.8056,True,False,True,True,3,4,True,False,False,True,True
XPRT_0207,LIKSKVEKRPKTIWRAPRKFNSFI,0.6546,0.8715,True,True,True,True,4,4,True,False,False,True,True
XPRT_0208,LGPGYKRASINHRFFKRP,0.6542,0.7641,True,True,True,True,4,4,True,False,False,False,False
XPRT_0209,KVKGLIQRAQRPFQNFRHK,0.654,0.8592,True,True,True,True,4,4,True,False,False,False,False
XPRT_0210,ARRINRHKSPWKRAWPARVNGFV,0.6539,0.8671,True,True,True,True,4,4,True,False,False,False,False
XPRT_0211,WLAANLKGRGKEHVWKRGVRGVK,0.6539,0.8206,True,True,True,True,4,4,True,False,False,True,True
XPRT_0212,KQVKHRAGQVWRQLRGVI,0.6537,0.8525,True,True,True,True,4,4,True,False,False,True,True
XPRT_0213,VRFKPDITSGKRIIFKIV,0.6537,0.8209,True,False,False,True,2,4,False,False,False,True,True
XPRT_0214,WKLKTRIHRRGGALFVRAVSPKP,0.6529,0.7591,True,True,True,True,4,4,True,False,False,True,True
XPRT_0215,RTPKYLRWIYRKNKAPFG,0.6529,0.8015,True,True,True,True,4,4,True,False,False,True,True
XPRT_0216,VIRKQPPVRPVSKRFLVKLGRYQ,0.6528,0.7605,True,True,True,True,4,4,False,False,False,True,True
XPRT_0217,LLEPPRGIKNHIPTIPVLPRGIRK,0.6528,0.7708,True,False,False,True,2,4,True,False,False,True,True
XPRT_0218,IGLPRLRTPSPFSFQRITRHAAK,0.6526,0.8053,True,True,True,True,4,4,True,False,False,True,True
XPRT_0219,LGKFPEKRRPFVATGFRIILRATG,0.6514,0.8038,True,True,False,True,3,4,False,False,False,True,True
XPRT_0220,LTNYPGRNGPKLDRKWKGVRVVF,0.6514,0.7901,True,True,True,True,4,4,True,False,False,True,True
XPRT_0221,KGRRKFAWGPNFKINILR,0.6512,0.7563,True,False,True,True,3,4,True,False,False,False,False
XPRT_0222,AWVVRTFRIRERRPVRRIIKGYK,0.6507,0.8114,True,True,True,True,4,4,True,False,False,True,True
XPRT_0223,IFRIGKNLTRQTKKKEVEFKHIPV,0.6506,0.7925,True,False,False,True,2,4,True,False,False,True,True
XPRT_0224,LERRIIRGVIQIVRQLRVVLPKR,0.6503,0.8332,True,True,True,True,4,4,False,False,False,True,True
XPRT_0225,LKVNVWANRRLKIWGNAPRRARNK,0.6502,0.8321,True,True,True,True,4,4,True,False,False,True,True
XPRT_0226,RIGKRTIRWVKKTILGYPYVKGK,0.6494,0.7555,True,True,True,True,4,4,True,False,False,True,True
XPRT_0227,KIFRVRKLFGNIPRIPGVWGRKPR,0.6494,0.7308,True,True,True,True,4,4,True,False,False,True,True
XPRT_0228,KVRKVRILKPVPRGIVRITWKIQ,0.6486,0.7471,True,True,True,True,4,4,True,False,False,True,True
XPRT_0229,FVGRVRSRFRGWKNQVKNWIGRLR,0.648,0.8172,True,True,True,True,4,4,True,False,False,True,True
XPRT_0230,RRNVPWPRYFTRPKYKIGVAFKR,0.6473,0.8302,True,True,True,True,4,4,True,False,False,True,True
XPRT_0231,RKGKFATKWVYPIPRAIDTIKSG,0.6471,0.8021,True,True,True,True,4,4,True,False,False,True,True
XPRT_0232,RRVLIKFLRVIAGPTRTWAGHRK,0.6468,0.7688,True,True,True,True,4,4,True,False,False,False,False
XPRT_0233,KIRRLVSYIRKVPKIPQNNGFKLP,0.6467,0.8036,True,True,True,True,4,4,True,False,False,False,False
XPRT_0234,IRTLFRNAVPLKLRPFYPLNKKKR,0.6466,0.779,True,True,True,True,4,4,True,False,False,True,True
XPRT_0235,LRQIQKRVGGFRHQAGQLAGNIRN,0.646,0.7807,True,True,True,True,4,4,True,False,False,True,True
XPRT_0236,KVKRVPRPKASVIWKPRVLIR,0.6456,0.8202,True,True,True,True,4,4,True,False,False,True,True
XPRT_0237,KVKGTFGRFIPHVKQKLN,0.6456,0.8052,True,True,True,True,4,4,False,False,False,False,False
XPRT_0238,KGNARFWLPIRRTKYYNAR,0.6455,0.8687,True,True,True,True,4,4,True,False,False,True,True
XPRT_0239,IRGGVPVKRRVAYNAPRRVGKIR,0.6455,0.7712,True,True,True,True,4,4,True,False,False,True,True
XPRT_0240,LAPQVKKGPLHVVVKGTRELP,0.6455,0.7824,False,False,False,True,1,4,True,False,False,False,False
XPRT_0241,IGRIWEGRVKVPRTTKRFASTWKI,0.6454,0.8516,True,True,True,True,4,4,True,False,False,False,False
XPRT_0242,IGKVNKTWIVLKTKPWRRGRRLVS,0.6454,0.8083,True,True,True,True,4,4,False,False,False,True,True
XPRT_0243,KHRLNTWFPRIKGIIQKAR,0.6452,0.8509,True,True,True,True,4,4,True,False,False,True,True
XPRT_0244,RVKGLITGIRQKAHNFGR,0.6451,0.8471,True,True,True,True,4,4,True,False,False,True,True
XPRT_0245,KVRHVIGHFRGRFRQIAK,0.6448,0.8072,True,True,True,True,4,4,True,False,False,False,False
XPRT_0246,KFKRIWTQVKPRISNIHQ,0.6448,0.8502,True,True,True,True,4,4,True,False,False,False,False
XPRT_0247,KVKRILFWGSRFTRIKLDK,0.6445,0.8463,True,True,True,True,4,4,False,False,False,True,True
XPRT_0248,ITGARGAAKGPRGVRRPWTIEFFT,0.6445,0.7646,True,True,False,True,3,4,True,True,True,True,True
XPRT_0249,VRAIGIKVPPNLRVVRVKGNKFR,0.6444,0.7545,True,False,True,True,3,4,True,False,False,True,True
XPRT_0250,ARKFPQKFLPPNLLIKRKVYRKA,0.6442,0.7425,True,True,True,True,4,4,True,False,False,True,True
XPRT_0251,AKLIIINIVTIKRRANKLRPTFGR,0.6441,0.7855,True,False,True,True,3,4,False,False,False,True,True
XPRT_0252,GIRALHRFQPPDKRIWFRGPPKLT,0.6441,0.7652,True,False,True,True,3,4,True,False,False,True,True
XPRT_0253,IVILPIGRKANKWTKRANKPIKPK,0.6439,0.7704,True,True,True,True,4,4,True,False,False,True,True
XPRT_0254,GTIGKNANFVKRRYLRKYNKAFGV,0.6437,0.795,True,True,True,True,4,4,True,False,False,True,True
XPRT_0255,LIGRLNRRVPSLKQGVQGLISRVK,0.6436,0.7899,True,True,True,True,4,4,False,False,False,True,True
XPRT_0256,IAFKINHRAQKTTRGWVIGVRKGK,0.6433,0.8468,True,True,True,True,4,4,True,False,False,True,True
XPRT_0257,GGPKFQYVVIKKPRVVLKLTKNEV,0.6431,0.7665,True,True,True,True,4,4,True,False,False,True,True
XPRT_0258,LVVYPIKKWEKKSRRFPI,0.6426,0.784,True,True,True,True,4,4,True,False,False,True,True
XPRT_0259,ARRLLIFARRGSFPWSSKLRE,0.6425,0.8051,True,False,True,True,3,4,False,False,False,False,False
XPRT_0260,AKIIQLRKNKFIRPFPRV,0.6425,0.7959,True,True,True,True,4,4,False,False,False,True,True
XPRT_0261,LYLRRGVKLGSRPWPFGREVARGP,0.642,0.7686,True,True,True,True,4,4,False,False,False,True,True
XPRT_0262,WIKTIAGRTFKVHTRLGDPVRKA,0.6418,0.7921,True,True,True,True,4,4,True,False,False,True,True
XPRT_0263,LEVRIRLLNRGNSQKLKQWPRYPP,0.6416,0.7627,True,False,False,True,2,4,True,False,False,True,True
XPRT_0264,VKRVAPRNKRVVLVFAKRGPAQK,0.6413,0.7428,True,True,True,True,4,4,True,False,False,True,True
XPRT_0265,VGPRYIGRVTERFKKRPAHGF,0.6413,0.7875,True,True,False,True,3,4,True,False,False,False,False
XPRT_0266,VLKIKKPYRYISNTVAFWARRRR,0.6413,0.7514,True,True,True,True,4,4,True,False,False,False,False
XPRT_0267,VRIVFASPLRPIARVKKSKWKNA,0.6412,0.7905,True,True,True,True,4,4,True,False,False,True,True
XPRT_0268,RIKRRLPHIVSYPTKLKPASIP,0.6407,0.8145,True,True,True,True,4,4,True,False,False,False,False
XPRT_0269,RGAKFIKAGWKPRIYILRNARST,0.6404,0.7992,True,True,True,True,4,4,True,False,False,True,True
XPRT_0270,GKGIDRWVAKLRRIPGPYYGKAN,0.6403,0.7695,True,True,False,True,3,4,True,False,False,False,False
XPRT_0271,KVRGADRRAKKPAFRIGIWAKKI,0.6401,0.8209,True,True,True,True,4,4,True,False,False,False,False
XPRT_0272,KGIKAKPVLPTFIRRGTQLIKKR,0.6399,0.827,True,True,True,True,4,4,True,False,False,True,True
XPRT_0273,AKHVVHRAGTLFTKVKGTWRK,0.6394,0.8578,True,True,True,True,4,4,True,False,False,True,True
XPRT_0274,IKLHPKIPRRVKVPFRNLHTV,0.6393,0.8082,True,True,True,True,4,4,True,False,False,False,False
XPRT_0275,LKIQGRTFGGNKRITRLFKRGAA,0.6388,0.7718,True,True,True,True,4,4,True,False,False,True,True
XPRT_0276,VRAVTLHFRHPLKVARQK,0.6388,0.8632,True,True,True,True,4,4,True,False,False,False,False
XPRT_0277,VSRRVIYKPKRPVQIYRN,0.6386,0.8211,True,True,True,True,4,4,True,False,False,True,True
XPRT_0278,RTLRVYRYGFRKTPAVPA,0.6386,0.8324,True,False,True,True,3,4,True,False,False,True,True
XPRT_0279,RFQKHVQNVLPRARGFVQGAK,0.6385,0.8525,True,True,True,True,4,4,True,False,False,False,False
XPRT_0280,KQRRFSFPKKRLVYYLVR,0.6382,0.841,True,True,True,True,4,4,True,False,False,True,True
XPRT_0281,VRDIKIGGVILKRSIPTFKKVPV,0.6381,0.7686,True,False,True,True,3,4,False,False,False,False,False
XPRT_0282,IRRIGNKPFLKPNWLKRRYYRTI,0.6381,0.7773,True,True,True,True,4,4,False,False,False,True,True
XPRT_0283,RIWGQVKHPFTHFKKRAR,0.6381,0.8657,True,True,True,True,4,4,True,False,False,False,False
XPRT_0284,IGNKRPFVKIQKFIEYGVRKAHA,0.638,0.7886,True,True,True,True,4,4,True,False,False,True,True
XPRT_0285,VIKNLGRKFVKRAIIPVQQRPRVV,0.6378,0.8229,True,True,True,True,4,4,False,False,False,True,True
XPRT_0286,LKKYRLDWKIIRFVKARLKPVGQK,0.6377,0.7625,True,True,True,True,4,4,True,False,False,True,True
XPRT_0287,RKKIKINIKNPLAIQRAYPSVLRP,0.6375,0.851,True,False,True,True,3,4,True,False,False,False,False
XPRT_0288,IRLRKNTWKFPSRKGVKYVRGVFQ,0.6375,0.7974,True,True,True,True,4,4,True,False,False,True,True
XPRT_0289,LGTVRRTVHKWFRNWRGRATKFS,0.6374,0.7839,True,True,True,True,4,4,True,False,False,True,True
XPRT_0290,AAWRRVIKPKVSLNIRIAKKPFNR,0.6374,0.8049,True,True,True,True,4,4,True,False,False,True,True
XPRT_0291,KVRTIRIPKKGKNWIRSVFLP,0.6373,0.8011,True,True,True,True,4,4,True,False,False,True,True
XPRT_0292,VKLHPGYRVKLVLRFDRKVDRQF,0.6369,0.7778,True,False,True,True,3,4,True,False,False,False,False
XPRT_0293,VKGVRQNVQRIRPRWGTIFKHAK,0.6368,0.8285,True,True,True,True,4,4,True,False,False,True,True
XPRT_0294,GIPWIARAERWAKRLNRAKVTGVN,0.6367,0.7733,True,True,False,True,3,4,False,False,False,False,False
XPRT_0295,RNIQPKFAITLPQILRGIIRKKRA,0.6363,0.8205,True,False,True,True,3,4,False,False,False,True,True
XPRT_0296,KRIPSLGSRPARAGILIRAYIKKP,0.6355,0.8083,True,True,True,True,4,4,False,False,False,True,True
XPRT_0297,VLQRVRSIWQRPKGKIQKFFGRLR,0.6351,0.7719,True,True,True,True,4,4,True,False,False,True,True
XPRT_0298,VLGRTFKRLNVILRPTPIKIRTT,0.6343,0.835,True,True,True,True,4,4,True,False,False,True,True
XPRT_0299,IRKWWLIKRLIDVHRRGSVKITK,0.6343,0.7611,True,True,True,True,4,4,False,False,False,True,True
XPRT_0300,RVQKFIKGIHTRIQHVRS,0.6343,0.8451,True,True,True,True,4,4,True,False,False,True,True
XPRT_0301,GGIHKKLGQFWGTIPNQVRRLRK,0.6342,0.7849,True,True,True,True,4,4,True,False,False,True,True
XPRT_0302,ASANRIGPRVPTGVRKGFLIAPK,0.6333,0.76,True,True,True,True,4,4,True,False,False,True,True
XPRT_0303,KFQRIRSHLNPAWNKLRH,0.633,0.836,True,True,True,True,4,4,True,False,False,False,False
XPRT_0304,INKWRRRKILNQIGRYIRTFKSV,0.6328,0.7857,True,True,True,True,4,4,True,False,False,True,True
XPRT_0305,FKNVVYTFYLRPKRPKKSAPRRI,0.6325,0.7818,True,True,True,True,4,4,True,False,False,True,True
XPRT_0306,IIKSYRYVGRETRKAPGVASIRY,0.6325,0.7866,True,False,False,True,2,4,True,False,False,True,True
XPRT_0307,GRVRANNRFVDHVRPIKNYF,0.6322,0.7935,True,False,False,True,2,4,True,False,False,True,True
XPRT_0308,RFYGVLTKPTPAGGRNVR,0.6317,0.7614,True,True,False,True,3,4,True,False,False,True,True
XPRT_0309,RKVVRFPRTFPKAVFGGPLTTKPP,0.6309,0.7628,True,True,True,True,4,4,True,False,False,True,True
XPRT_0310,RNRRFVYKNIRPILAIFPGPKKFK,0.6308,0.7294,True,True,True,True,4,4,True,False,False,True,True
XPRT_0311,KRKNALLYRKITIIPRTF,0.6306,0.7885,True,False,True,True,3,4,True,False,False,True,True
XPRT_0312,GLRTQIHGWIHKVPKGITQARRKA,0.6301,0.8197,True,True,True,True,4,4,False,False,False,False,False
XPRT_0313,RANIPGLLFRHRKHFKGVFRVPR,0.6294,0.7474,True,True,True,True,4,4,True,False,False,True,True
XPRT_0314,RVPSKGKPYARGIAWRSS,0.6293,0.8187,True,False,True,True,3,4,True,False,False,True,True
XPRT_0315,RINAIIKHKKQIIVRTHQ,0.629,0.7797,True,False,False,True,2,4,False,False,False,True,True
XPRT_0316,VVIVQKAKPRGVVVNRPPKRWKRI,0.6286,0.7364,True,True,True,True,4,4,False,False,False,True,True
XPRT_0317,VSFKAYLADRTVRKLIRGIGSRK,0.6285,0.7916,True,True,True,True,4,4,False,False,False,False,False
XPRT_0318,ITKLNTRFGGIWKHLKRWATKARG,0.6282,0.7525,True,True,True,True,4,4,True,False,False,False,False
XPRT_0319,VIDIRRVNPRIKGIRGLAIRPVRK,0.6281,0.7854,True,True,True,True,4,4,True,False,False,True,True
XPRT_0320,EKFNIRRVQKKGVKYRYRLYRVVP,0.6273,0.8184,True,True,True,True,4,4,True,False,False,True,True
XPRT_0321,WQRLTGRIHGFGRRVQGALQKLR,0.627,0.8104,True,True,True,True,4,4,False,False,False,False,False
XPRT_0322,RRFRKRPNASIKTIRRVPFFILF,0.6268,0.744,True,True,True,True,4,4,True,False,False,True,True
XPRT_0323,VVFGKDKWWKLAKKPGRYPYGKVD,0.6268,0.7663,True,True,True,True,4,4,True,False,False,True,True
XPRT_0324,AARFFPLKDATIRVWWKSSRKAR,0.6266,0.7823,True,False,True,True,3,4,True,False,False,True,True
XPRT_0325,GLPLRAPILKRKPKKGIHNVNKI,0.6265,0.8344,True,True,True,True,4,4,True,False,False,True,True
XPRT_0326,KVIIFRWRHLQRGKVKPTR,0.6264,0.8025,True,True,True,True,4,4,True,False,False,True,True
XPRT_0327,ARSNHVPKKWGRLIAHAK,0.6263,0.8194,True,True,True,True,4,4,True,False,False,False,False
XPRT_0328,KRKARALYPPSIKFKHRF,0.6261,0.777,True,True,True,True,4,4,True,False,False,False,False
XPRT_0329,LRQSGWRPYVLHKKVWRLTRK,0.626,0.8294,True,True,True,True,4,4,True,False,False,True,True
XPRT_0330,VLWGSLRPKRLIIRKTRKLPNPLG,0.6259,0.7801,True,True,True,True,4,4,True,False,False,True,True
XPRT_0331,LKEWFRRKIINRVRNSITPLTRFI,0.6257,0.7803,True,True,True,True,4,4,True,False,False,True,True
XPRT_0332,RSLYIAGRIIRKNRVVVK,0.6255,0.8149,True,False,True,True,3,4,True,False,False,True,True
XPRT_0333,RKLLPKFPTLIPRPGWKFRKGKFA,0.625,0.7221,True,True,True,True,4,4,True,False,False,False,False
XPRT_0334,KKFIIRAINKALIVFEHKKRIPRL,0.6249,0.7816,True,True,True,True,4,4,False,False,False,True,True
XPRT_0335,WIRAGKIRLSVISRIVIRINKKNR,0.6248,0.7428,True,True,True,True,4,4,True,False,False,True,True
XPRT_0336,RGFGFKWKIIRKGPRNWVPRNYRS,0.6246,0.7386,True,True,True,True,4,4,True,False,False,False,False
XPRT_0337,FLYRFGEIPVRGFFPRGSRNPRKS,0.6245,0.7618,True,True,True,True,4,4,True,False,False,True,True
XPRT_0338,AYRVKRYFQRIIQVKWDK,0.624,0.7915,True,False,True,True,3,4,True,False,False,False,False
XPRT_0339,ARGPRLKPKIFVVLTRNWVTRVRQ,0.6237,0.7551,True,True,True,True,4,4,False,False,False,True,True
XPRT_0340,GQPRKWIVGVYTRFIKVGKTRPR,0.6231,0.8453,True,True,True,True,4,4,True,False,False,True,True
XPRT_0341,DLIFKPGPRITKRGKYWVSIKGT,0.623,0.7614,True,True,True,True,4,4,True,False,False,False,False
XPRT_0342,GAQHRIRTAHKHVKHFAQKLQHKI,0.6219,0.8154,True,True,True,True,4,4,True,False,False,False,False
XPRT_0343,RRAGFIFVNINRFRFRKSK,0.6218,0.7777,True,True,True,True,4,4,False,False,False,False,False
XPRT_0344,RNLVIVRYKWKRSPGKIK,0.6216,0.7732,True,True,True,True,4,4,True,False,False,True,True
XPRT_0345,RFAVGGKRWSRVPLTRFPGRAKK,0.6215,0.7378,True,True,True,True,4,4,True,False,False,False,False
XPRT_0346,VNIFPTRVLRKYRRYNQRFGLK,0.6213,0.7856,True,True,True,True,4,4,False,False,False,True,True
XPRT_0347,IIIIKPPSRAFKRTIRRVKGNAFK,0.6211,0.7358,True,True,True,True,4,4,True,False,False,True,True
XPRT_0348,TVRAVKPDKHRVARVPVRINNFI,0.621,0.7903,True,False,False,True,2,4,True,False,False,True,True
XPRT_0349,KGPKRYVRKSKTVALILY,0.6207,0.7563,True,True,True,True,4,4,True,False,False,True,True
XPRT_0350,KLKSRIIRVPRAVRAKFNRVIPL,0.6205,0.8126,True,True,True,True,4,4,True,False,False,True,True
XPRT_0351,RRRVRQKWRIAVTPIYIA,0.6201,0.7629,True,True,True,True,4,4,True,False,False,True,True
XPRT_0352,VANNFGKRIFNRILPRTIRAGDKH,0.6199,0.836,True,True,True,True,4,4,True,False,False,True,True
XPRT_0353,IGRFGQWFRWNKKLVRDPNVGAKR,0.619,0.7863,True,True,True,True,4,4,True,False,False,True,True
XPRT_0354,KGFVTQVRGVAGKAHQRVQRFAK,0.6189,0.8131,True,True,True,True,4,4,True,False,False,False,False
XPRT_0355,RFNVTLRPIVLRTVRKLSIKIKP,0.6187,0.8338,True,True,True,True,4,4,True,False,False,True,True
XPRT_0356,KRTILGIGKRPIKNYRFFVGRKF,0.6186,0.792,True,True,True,True,4,4,True,False,False,True,True
XPRT_0357,AIGRWWRQFRNVLRTRHNGEIKVR,0.6185,0.7885,True,True,True,True,4,4,True,False,False,True,True
XPRT_0358,KLKGFRLPERKFWSGFRTIKRLHV,0.6181,0.8328,True,True,True,True,4,4,True,False,False,True,True
XPRT_0359,KAQKLINQPKHSIGRFKSHLKHF,0.618,0.8186,True,True,True,True,4,4,True,False,False,True,True
XPRT_0360,RKYVRFIIKGRPSARVLAP,0.6169,0.7712,True,True,True,True,4,4,False,False,False,True,True
XPRT_0361,AIKPVKPRVTTRIRKSKAILRFI,0.6164,0.7593,True,True,True,True,4,4,True,False,False,True,True
XPRT_0362,GRRINYFPYKWLFPVTKRRRTFSK,0.6161,0.8152,True,True,True,True,4,4,True,False,False,True,True
XPRT_0363,PRIVIYQIKVKNKFKKRL,0.6161,0.7781,True,True,True,True,4,4,True,False,False,True,True
XPRT_0364,VYYYPRKPRKKGIRWLVNIKRGA,0.6157,0.7755,True,True,True,True,4,4,True,False,False,True,True
XPRT_0365,KVGTAVGHVRGFGRKLVSQIR,0.6154,0.8036,True,True,True,True,4,4,True,False,False,False,False
XPRT_0366,KVLVNVIRPATKKRHNGIIPPKRF,0.6154,0.7513,True,True,True,True,4,4,False,False,False,True,True
XPRT_0367,RLWRRAKAPSPYTPHRLA,0.6153,0.7686,True,True,True,True,4,4,True,False,False,False,False
XPRT_0368,IKKYKFYVYVPTRPGQRKIRRVF,0.615,0.7319,True,True,True,True,4,4,True,False,False,True,True
XPRT_0369,WAEGGKNAKTNLGRIRLRYWRAPI,0.6148,0.7448,True,True,True,True,4,4,False,False,False,True,True
XPRT_0370,AARTYVVWPRRIIKSKRL,0.6144,0.8193,True,True,True,True,4,4,True,False,False,True,True
XPRT_0371,VKTPLKGWVRGLKKRSVIIVRWRT,0.6141,0.7838,True,True,True,True,4,4,False,False,False,True,True
XPRT_0372,WVWGPPRIFRIKERTPRQAKKFN,0.614,0.7764,True,True,True,True,4,4,True,False,False,True,True
XPRT_0373,IFEKYSWRAVRRLPRRYVRIKIK,0.614,0.7939,True,False,True,True,3,4,True,False,False,True,True
XPRT_0374,IGIPFNKVVRIARSKKQNIRKYSF,0.6137,0.793,True,True,True,True,4,4,False,False,False,True,True
XPRT_0375,RIFRGGVGWIQRRKLVFKKKPGTI,0.6133,0.7219,True,True,True,True,4,4,True,False,False,True,True
XPRT_0376,GRNVSIKFFITLKRAFRR,0.6133,0.7609,True,True,True,True,4,4,False,False,False,False,False
XPRT_0377,IVTGANKQAGHPIHRLKHAARRL,0.613,0.8129,True,True,True,True,4,4,True,False,False,True,True
XPRT_0378,IGGFKNKWRRLVGNLQKNLTRWRK,0.6128,0.7531,True,True,True,True,4,4,True,False,False,True,True
XPRT_0379,RSWRKGPRFVFPPKSSFYLLKRKV,0.6125,0.7177,True,True,True,True,4,4,True,False,False,True,True
XPRT_0380,KRVNRKPHRTLLKIWLAGPLKPN,0.6121,0.7519,True,True,True,True,4,4,True,False,False,True,True
XPRT_0381,WRPHHPSNGVPPLIRGPARRIKA,0.6119,0.7589,True,True,False,True,3,4,True,False,False,False,False
XPRT_0382,KLKQAVSKWRHIIQKFRT,0.6109,0.8061,True,True,True,True,4,4,True,False,False,False,False
XPRT_0383,VKLIRVNRAINRTKRVFLRVVKPQ,0.6107,0.7561,True,True,True,True,4,4,True,False,False,True,True
XPRT_0384,LKRGRGFRRWWLHFIDINKRVR,0.6102,0.7837,True,True,True,True,4,4,True,False,False,True,True
XPRT_0385,VGPKKRRINNFLTYPRKW,0.61,0.776,True,True,True,True,4,4,True,False,False,True,True
XPRT_0386,RRLPRVRSKPPLGFLNKISKLVNF,0.6099,0.7522,True,True,True,True,4,4,True,False,False,False,False
XPRT_0387,IKRIKGYKSRVNPINKYVIKRFLT,0.6099,0.8038,True,True,True,True,4,4,False,False,False,True,True
XPRT_0388,LTAHRYLKQLYRTIRTKNDLVVGR,0.6096,0.8067,True,False,False,True,2,4,True,False,False,True,True
XPRT_0389,ARRYIIKFYVRKTRNIRNTPIIIR,0.6082,0.7585,True,False,True,True,3,4,True,False,False,True,True
XPRT_0390,KQIQLAPVLRQKYKKFVKRPRPII,0.6081,0.7548,True,True,True,True,4,4,True,False,False,True,True
XPRT_0391,WTRRTFHIRKYVKPYARQ,0.608,0.8005,True,True,True,True,4,4,True,False,False,False,False
XPRT_0392,KVIHRLLKIRPPNILSIVRKVKP,0.6079,0.7791,True,True,True,True,4,4,False,False,False,False,False
XPRT_0393,AIRLIHKSKGRYGRIIKFVVETS,0.6078,0.8038,True,False,True,True,3,4,True,False,False,True,True
XPRT_0394,LVIKKIIYWSRRKIKLERRTSLLP,0.6074,0.7823,True,True,True,True,4,4,False,False,False,True,True
XPRT_0395,VVSKRRWIPVKRPVNRLTFRIGR,0.6074,0.7686,True,True,True,True,4,4,True,False,False,True,True
XPRT_0396,KIYIRFKSSVAISARKIK,0.6069,0.7851,True,False,True,True,3,4,True,False,False,False,False
XPRT_0397,AIKGIQTRWSSWKRKFRG,0.6065,0.781,True,True,True,True,4,4,True,False,False,True,True
XPRT_0398,KRNHAVPPNAKFRVYRKVVKV,0.6058,0.7626,True,True,True,True,4,4,True,False,False,True,True
XPRT_0399,GGTGRFRKNVRWLWAYKRRPYKFN,0.6051,0.7528,True,True,True,True,4,4,True,False,False,True,True
XPRT_0400,LGTKKRIVRNLRVVTKRWLLIVR,0.6043,0.7482,True,True,True,True,4,4,False,False,False,True,True
XPRT_0401,WFLPKIVLGPKPNFRKGKDASRN,0.6037,0.7519,True,True,True,True,4,4,True,False,False,True,True
XPRT_0402,KRIAKFRKGPRSTFLRSIYRVIV,0.6034,0.7254,True,True,True,True,4,4,True,False,False,False,False
XPRT_0403,VAYKKAANRVDRFVYRGKTKPLH,0.6027,0.7765,True,True,True,True,4,4,True,False,False,False,False
XPRT_0404,KRGARSPRKVPKGRRPFVNLFVIV,0.6027,0.7213,True,True,True,True,4,4,True,False,False,False,False
XPRT_0405,KSRFTQAARKFKRYKLLIIKPA,0.6022,0.7543,True,True,True,True,4,4,True,False,False,True,True
XPRT_0406,ILHRAQTKFHHWKGGARR,0.6021,0.786,True,True,True,True,4,4,True,False,False,False,False
XPRT_0407,AKLAPNVRPPKRKWRAKARSVFPW,0.6021,0.7203,True,True,True,True,4,4,True,False,False,False,False
XPRT_0408,RQIRKPIKVWLVNRKQAV,0.6021,0.7828,True,True,True,True,4,4,True,False,False,True,True
XPRT_0409,RNPFTKPKRRFNRIFRIGVFNYKP,0.6019,0.7654,True,True,True,True,4,4,True,False,False,True,True
XPRT_0410,KVTKIVRRYTIRFKTWPG,0.6017,0.7469,True,True,True,True,4,4,True,False,False,False,False
XPRT_0411,RLARRGPKFGYSRFNIKRQLLAK,0.6012,0.7422,True,True,True,True,4,4,True,False,False,True,True
XPRT_0412,KVWVGYRPIVPKLKKNRRKAPSW,0.6007,0.7804,True,True,True,True,4,4,True,False,False,False,False
XPRT_0413,LRKAPSSYYRRIRILGARTRRYF,0.6005,0.7444,True,False,True,True,3,4,True,False,False,True,True
XPRT_0414,RVKRKPPRVFPRFGQLLNVRTGK,0.5997,0.7683,True,True,True,True,4,4,True,False,False,True,True
XPRT_0415,KRISRPIVSIGIPRKRLISKIRY,0.5991,0.7775,True,True,True,True,4,4,True,False,False,False,False
XPRT_0416,IKIKKADNVIKAVNRRYWKISNTP,0.599,0.7701,True,False,False,True,2,4,True,False,False,False,False
XPRT_0417,LFILDIKAKKTIRGWRIFRQRFKR,0.5981,0.7931,True,True,True,True,4,4,False,False,False,True,True
XPRT_0418,ARRTRSPVRSVRGIKWPGSIILKK,0.5978,0.7478,True,True,True,True,4,4,True,False,False,False,False
XPRT_0419,LKFKPTRAVVIVPGLEKKFVR,0.5977,0.7574,True,False,True,True,3,4,True,False,False,False,False
XPRT_0420,RRPPTKRTRRIVKNFYAIIVIL,0.597,0.7496,True,True,True,True,4,4,True,False,False,True,True
XPRT_0421,RGRYGKRKIFIIGHNTAR,0.5969,0.7871,True,True,True,True,4,4,True,False,False,True,True
XPRT_0422,GAKRKQSYVKTRAQKFLSYFIRK,0.5963,0.7757,True,True,True,True,4,4,True,False,False,True,True
XPRT_0423,IWNGNSAFNLGKRKIIRGGHKPR,0.596,0.7927,True,True,True,True,4,4,True,False,False,True,True
XPRT_0424,LVTSRKPRRVSKKIIIVW,0.5945,0.7933,True,True,True,True,4,4,False,False,False,True,True
XPRT_0425,IRLLWTKRRRVKRNIATSGKYVFL,0.5943,0.7513,True,True,True,True,4,4,False,False,False,True,True
XPRT_0426,VLYKGGLRPWKQSKRRIA,0.5943,0.7577,True,True,True,True,4,4,True,False,False,True,True
XPRT_0427,KKFPRVNWRIQTRFKRKVILGGPL,0.5942,0.7477,True,True,True,True,4,4,True,False,False,True,True
XPRT_0428,ALHFSPIRKKQQVPKRVF,0.5938,0.7886,True,False,True,True,3,4,True,False,False,False,False
XPRT_0429,LLIIKPPSRLDRKTKNWRVPFLKL,0.5923,0.7583,True,False,False,True,2,4,True,False,False,True,True
XPRT_0430,RIILKRVWKSTKQKWPGYAPKFR,0.5922,0.7331,True,True,True,True,4,4,True,False,False,True,True
XPRT_0431,AIKGASQRLGGARHHVQHAWRKVK,0.592,0.7751,True,True,True,True,4,4,True,False,False,False,False
XPRT_0432,KAFPIVLRRYSPYPRRRIISFRK,0.5917,0.7848,True,True,True,True,4,4,True,False,False,False,False
XPRT_0433,VRRTIPYLARAKHRIPGRFSSNG,0.5912,0.7596,True,True,True,True,4,4,True,False,False,True,True
XPRT_0434,KKWATRVVAKSFIIKKVFRNPPK,0.5909,0.7341,True,True,True,True,4,4,True,False,False,True,True
XPRT_0435,FRKPFFRKRALVKRATGPINRWTV,0.5906,0.7346,True,True,True,True,4,4,True,False,False,True,True
XPRT_0436,KGGRGDARAWRKYLIGKRRIPLK,0.5905,0.7553,True,True,True,True,4,4,True,False,False,True,True
XPRT_0437,RRKRPIYNKPPRLLNKVAAYIVK,0.5903,0.7478,True,True,True,True,4,4,True,False,False,True,True
XPRT_0438,IQKKLGGVRQRFQKIWTKFTRRLS,0.5874,0.7596,True,True,True,True,4,4,True,False,False,True,True
XPRT_0439,AYFAFRRWLKVSTLVRKTGRGVKK,0.5873,0.7484,True,True,True,True,4,4,False,False,False,True,True
XPRT_0440,FKYAKHLLSKPPYAARSTR,0.587,0.7591,True,True,True,True,4,4,True,False,False,False,False
XPRT_0441,RVGVRKIVRWRKNIWGKYRFS,0.5842,0.7288,True,True,True,True,4,4,True,False,False,True,True
XPRT_0442,RTFKPIWRIGPIWRNLLTRKKKL,0.584,0.7497,True,True,True,True,4,4,True,False,False,True,True
XPRT_0443,KVIVVKRRERKLIRRVVQRITGYY,0.5827,0.7371,True,False,True,True,3,4,True,False,False,True,True
XPRT_0444,VGGHLHHFRRKISQVFSKLRGKVR,0.5822,0.7569,True,True,True,True,4,4,True,False,False,False,False
XPRT_0445,RVLNKPGFKPRKLYKFANQRFKG,0.5817,0.7455,True,True,True,True,4,4,True,False,False,True,True
XPRT_0446,TVGIVRGGRKFRPIKKLNWWSFKK,0.5804,0.7328,True,True,True,True,4,4,True,False,False,True,True
XPRT_0447,IIKKIPKYVARRSWTNGSKVQRK,0.5795,0.7661,True,True,True,True,4,4,True,False,False,True,True
XPRT_0448,RIARKIFRIITTVLVNKVRRKPI,0.5744,0.725,True,True,True,True,4,4,False,False,False,True,True
XPRT_0449,LKSLNKGKGPLRARTLRIARRYYG,0.5734,0.7338,True,True,True,True,4,4,False,False,False,True,True
XPRT_0450,RAFFKSRVIIRPPYPRIIKVSKT,0.5725,0.7464,True,False,True,True,3,4,True,False,False,True,True
